open_time,open,high,low,close,volume,taker_buy_volume
1747008000000,0.23181,0.25341,0.22011,0.23101,3356354027.0,1644832451.0
1747094400000,0.23102,0.24309,0.21736,0.24078,1894212060.0,952732086.0
1747180800000,0.24078,0.24759,0.22813,0.23278,1349205954.0,641577388.0
1747267200000,0.23279,0.23676,0.21374,0.21939,1613975945.0,777776201.0
1747353600000,0.2194,0.23095,0.21797,0.22111,991509008.0,487578243.0
1747440000000,0.22111,0.22225,0.21074,0.21457,867614251.0,418978531.0
1747526400000,0.21458,0.23779,0.21402,0.23304,1589243100.0,812200184.0
1747612800000,0.23309,0.23581,0.21388,0.22445,1467077135.0,714054738.0
1747699200000,0.22446,0.2308,0.21768,0.22625,1188057201.0,578143360.0
1747785600000,0.22626,0.23813,0.22266,0.23404,1894442857.0,923734534.0
1747872000000,0.23404,0.24579,0.23383,0.24558,1616956272.0,803828361.0
1747958400000,0.24559,0.25441,0.22304,0.22521,2250495384.0,1059083940.0
1748044800000,0.22521,0.23041,0.22355,0.22512,689220139.0,327513668.0
1748131200000,0.22512,0.22645,0.21567,0.22491,909550724.0,451349875.0
1748217600000,0.22491,0.23036,0.2225,0.22596,641865425.0,315021213.0
1748304000000,0.22596,0.23216,0.21965,0.22598,805405021.0,404684470.0
1748390400000,0.22599,0.22785,0.21678,0.22096,681513510.0,330804269.0
1748476800000,0.22096,0.22798,0.21402,0.21487,903435947.0,425159231.0
1748563200000,0.21487,0.21648,0.19061,0.19357,1863217282.0,864806701.0
1748649600000,0.19358,0.19551,0.18555,0.19251,1086259533.0,527603926.0
1748736000000,0.19251,0.19485,0.1864,0.19363,544186058.0,268140624.0
1748822400000,0.19364,0.19642,0.18846,0.19507,602359395.0,283740140.0
1748908800000,0.19507,0.20051,0.19141,0.19311,712519938.0,361338751.0
1748995200000,0.19311,0.19705,0.18703,0.18812,462365003.0,209166414.0
1749081600000,0.18811,0.19248,0.168,0.17105,1346305437.0,612303970.0
1749168000000,0.17106,0.18446,0.16943,0.17878,1096946331.0,569140903.0
1749254400000,0.17878,0.1887,0.17776,0.18511,579947806.0,304133645.0
1749340800000,0.1851,0.18699,0.18046,0.18418,475018993.0,227075998.0
1749427200000,0.18417,0.19612,0.18022,0.1949,861702676.0,437613986.0
1749513600000,0.1949,0.19876,0.1888,0.1985,982365029.0,475145793.0
1749600000000,0.19851,0.20672,0.19125,0.19294,1122709648.0,537860535.0
1749686400000,0.19294,0.19368,0.18,0.1811,932640491.0,445072462.0
1749772800000,0.18111,0.18148,0.16987,0.1804,1429961655.0,683994402.0
1749859200000,0.18041,0.18044,0.17459,0.17824,541713685.0,284386612.0
1749945600000,0.17825,0.17871,0.17142,0.17553,569564407.0,237781583.0
1750032000000,0.17554,0.18115,0.17209,0.17272,899995493.0,425398868.0
1750118400000,0.17271,0.17612,0.16392,0.16936,902753834.0,412401672.0
1750204800000,0.16936,0.17222,0.16405,0.17068,679592519.0,333812165.0
1750291200000,0.17069,0.17204,0.16773,0.17092,338033103.0,163821232.0
1750377600000,0.17091,0.17197,0.15839,0.16234,952028188.0,434031453.0
1750464000000,0.16235,0.16436,0.15025,0.15448,693909616.0,305104353.0
1750550400000,0.15448,0.15769,0.1427,0.15129,1801536004.0,892764236.0
1750636800000,0.15128,0.16525,0.14861,0.16376,1060150458.0,547597089.0
1750723200000,0.16377,0.16767,0.16167,0.16571,889346979.0,390991831.0
1750809600000,0.16572,0.1677,0.16253,0.16459,678023426.0,329016017.0
1750896000000,0.16458,0.16809,0.15792,0.16001,764621210.0,393698705.0
1750982400000,0.16002,0.16307,0.15704,0.16104,436840031.0,209424391.0
1751068800000,0.16105,0.165,0.1604,0.16363,289205475.0,140610278.0
1751155200000,0.16362,0.17006,0.16259,0.16944,417646869.0,203584306.0
1751241600000,0.16945,0.16993,0.16222,0.16518,654158261.0,318361214.0
1751328000000,0.16518,0.16632,0.15674,0.15778,506350958.0,231120103.0
1751414400000,0.15779,0.17268,0.15655,0.16869,848237954.0,444490343.0
1751500800000,0.16868,0.17542,0.1674,0.17201,1014473641.0,510217632.0
1751587200000,0.17201,0.17296,0.16128,0.16288,756939150.0,382024948.0
1751673600000,0.16289,0.16507,0.1619,0.16421,292791372.0,125509320.0
1751760000000,0.16422,0.17524,0.16313,0.17196,879979321.0,483248648.0
1751846400000,0.17196,0.17719,0.16569,0.16792,859968572.0,423259781.0
1751932800000,0.16793,0.172,0.16589,0.17094,560967350.0,299198879.0
1752019200000,0.17094,0.18661,0.16991,0.18053,1188196945.0,590105798.0
1752105600000,0.18053,0.19641,0.17874,0.19507,1146142109.0,556783161.0
1752192000000,0.19508,0.21366,0.19115,0.20103,2460231517.0,1214130630.0
1752278400000,0.20103,0.20654,0.1919,0.19742,940327860.0,430418344.0
1752364800000,0.19741,0.20412,0.19576,0.19855,820805906.0,398190665.0
1752451200000,0.19855,0.21097,0.19464,0.19749,1622802447.0,804996178.0
1752537600000,0.19748,0.19934,0.18842,0.19919,1313854511.0,656674402.0
1752624000000,0.1992,0.22073,0.19553,0.2127,1785566132.0,882334416.0
1752710400000,0.21269,0.22236,0.2066,0.21826,2133077927.0,1074151852.0
1752796800000,0.21826,0.2542,0.21618,0.2358,4213195060.0,2106654219.0
1752883200000,0.2358,0.25777,0.23558,0.24143,2332570036.0,1189157634.0
1752969600000,0.24142,0.2783,0.23998,0.27375,3391965164.0,1696311641.0
1753056000000,0.27375,0.2875,0.26428,0.27142,3119210733.0,1575078100.0
1753142400000,0.27142,0.27492,0.25735,0.27093,2192290786.0,1047931735.0
1753228800000,0.27094,0.27108,0.2305,0.24083,2256299182.0,1062806930.0
1753315200000,0.24078,0.24665,0.22176,0.23218,2290016087.0,1140085974.0
1753401600000,0.23219,0.23697,0.22085,0.23673,1957938127.0,937418083.0
1753488000000,0.23673,0.24029,0.23296,0.23543,733863730.0,355744001.0
1753574400000,0.23544,0.24372,0.23432,0.24071,1038317435.0,491537152.0
1753660800000,0.24071,0.24859,0.22426,0.22615,1620312126.0,766836712.0
1753747200000,0.22616,0.23276,0.21744,0.22392,1192564427.0,581721130.0
1753833600000,0.22392,0.22655,0.209,0.21999,1217881143.0,586140850.0
1753920000000,0.21998,0.22566,0.20814,0.20974,843884315.0,398975110.0
1754006400000,0.20975,0.2125,0.19583,0.20097,1936437804.0,933088944.0
1754092800000,0.20098,0.20352,0.18944,0.19098,1340154059.0,583050412.0
1754179200000,0.19098,0.20047,0.18845,0.19876,743628957.0,387279763.0
1754265600000,0.19875,0.21127,0.1985,0.21039,1016575695.0,572455181.0
1754352000000,0.21038,0.21106,0.19602,0.19981,844023791.0,394992332.0
1754438400000,0.19982,0.20716,0.1956,0.20524,624926690.0,316317015.0
1754524800000,0.20525,0.22304,0.20331,0.22228,1122885382.0,584468275.0
1754611200000,0.22228,0.23254,0.21953,0.23039,1206447226.0,591222276.0
1754697600000,0.23039,0.24676,0.22972,0.23995,1460081482.0,739067638.0
1754784000000,0.23995,0.24348,0.22941,0.23385,1100909731.0,493638321.0
1754870400000,0.23385,0.24179,0.22117,0.22207,1438550271.0,704126382.0
1754956800000,0.22208,0.23835,0.21865,0.23582,1379181817.0,669339821.0
1755043200000,0.23582,0.25058,0.23132,0.24482,2104113623.0,1081523513.0
1755129600000,0.24483,0.25574,0.21578,0.22382,3238378909.0,1616172933.0
1755216000000,0.22381,0.23299,0.22006,0.22886,1696292315.0,817993433.0
1755302400000,0.22885,0.23622,0.22522,0.23115,1061437464.0,529555041.0
1755388800000,0.23115,0.24259,0.22835,0.23456,1209978791.0,593550272.0
1755475200000,0.23457,0.23553,0.21992,0.22262,1827107692.0,882996955.0
1755561600000,0.22262,0.22567,0.20869,0.20943,1798094261.0,884866169.0
1755648000000,0.20944,0.22287,0.20747,0.22169,2102107149.0,1054463148.0
1755734400000,0.22168,0.2245,0.21388,0.21473,983634414.0,455699742.0
1755820800000,0.21473,0.24222,0.20828,0.24054,2470614941.0,1235968781.0
1755907200000,0.24054,0.2409,0.22902,0.23631,1383693143.0,629441777.0
1755993600000,0.23631,0.24496,0.22761,0.23182,1758616432.0,814765991.0
1756080000000,0.23182,0.23459,0.20585,0.20965,2157373271.0,1070861177.0
1756166400000,0.20965,0.21999,0.20711,0.21839,1261490195.0,624649800.0
1756252800000,0.21839,0.22388,0.21606,0.21892,1293545133.0,619484806.0
1756339200000,0.21891,0.22597,0.21668,0.22437,958072860.0,467744461.0
1756425600000,0.22438,0.22539,0.20977,0.21391,1424776798.0,673127440.0
1756512000000,0.21391,0.21885,0.21126,0.21595,538763691.0,240649985.0
1756598400000,0.21595,0.22134,0.21327,0.21371,490963065.0,239809731.0
1756684800000,0.21371,0.21988,0.20476,0.21073,1522561758.0,734355277.0
1756771200000,0.21074,0.21557,0.20658,0.21489,1031360496.0,497124790.0
1756857600000,0.21489,0.22351,0.21249,0.2203,824904593.0,410559985.0
1756944000000,0.2203,0.22111,0.21047,0.21241,689472854.0,316287967.0
1757030400000,0.21241,0.22097,0.21182,0.21788,1176623712.0,570423290.0
1757116800000,0.21788,0.21888,0.21225,0.21595,482954635.0,233925239.0
1757203200000,0.21595,0.22926,0.21568,0.22877,882527071.0,468027713.0
1757289600000,0.22876,0.24413,0.22653,0.24164,1683689246.0,832591294.0
1757376000000,0.24165,0.24952,0.23359,0.24063,1932725888.0,965719102.0
1757462400000,0.24063,0.24868,0.23618,0.24536,1344178632.0,675480891.0
1757548800000,0.24535,0.25699,0.24228,0.25603,1760794865.0,893792298.0
1757635200000,0.25604,0.2786,0.25481,0.2755,2082678041.0,1076144962.0
1757721600000,0.2755,0.30684,0.27266,0.28938,4015592199.0,1965085977.0
1757808000000,0.28937,0.2951,0.2727,0.27796,2428234193.0,1147857883.0
1757894400000,0.27795,0.28205,0.25862,0.26831,2516149434.0,1201672654.0
1757980800000,0.2683,0.27204,0.257,0.26995,1849895166.0,898088950.0
1758067200000,0.26994,0.28384,0.26045,0.28256,2009871469.0,996297572.0
1758153600000,0.28257,0.28879,0.27559,0.27857,1751271695.0,868702978.0
1758240000000,0.27856,0.28492,0.26312,0.26527,1436428172.0,683214168.0
1758326400000,0.26526,0.26947,0.263,0.26759,710812856.0,374690142.0
1758412800000,0.26758,0.26965,0.26031,0.26074,710044749.0,290445110.0
1758499200000,0.26074,0.26239,0.23067,0.24122,2981639624.0,1464115347.0
1758585600000,0.24123,0.24389,0.23402,0.23709,1428526604.0,710108601.0
1758672000000,0.23709,0.25057,0.23098,0.24107,1685738370.0,837243454.0
1758758400000,0.24107,0.24197,0.22046,0.22292,2241106701.0,1073035925.0
1758844800000,0.22292,0.23331,0.22134,0.23244,1426204065.0,704035246.0
1758931200000,0.23244,0.23431,0.2278,0.23077,566664585.0,268218012.0
1759017600000,0.23077,0.23768,0.225,0.23735,630215145.0,320215176.0
1759104000000,0.23735,0.23896,0.22862,0.23478,968604652.0,481567000.0
1759190400000,0.23478,0.23592,0.2263,0.23293,761018697.0,343500367.0
1759276800000,0.23294,0.24921,0.23034,0.24906,1175210733.0,639949004.0
1759363200000,0.24906,0.26414,0.2467,0.262,1386592793.0,667566232.0
1759449600000,0.26201,0.26534,0.25274,0.25819,1381551315.0,633675906.0
1759536000000,0.25819,0.25979,0.2467,0.25084,885524209.0,402338276.0
1759622400000,0.25085,0.26518,0.24953,0.25284,1454155392.0,672260614.0
1759708800000,0.25283,0.27044,0.25057,0.26603,1517510251.0,714073129.0
1759795200000,0.26604,0.26831,0.24622,0.24682,1838407762.0,829067171.0
1759881600000,0.24681,0.2611,0.24291,0.25564,1276623512.0,635824191.0
1759968000000,0.25565,0.25593,0.24099,0.24849,1415402413.0,671962605.0
1760054400000,0.2485,0.25403,0.095,0.19349,6030550997.0,2731827970.0
1760140800000,0.19348,0.20048,0.17816,0.18527,4960779079.0,2500347760.0
1760227200000,0.18527,0.21421,0.18072,0.20717,3290490159.0,1681357231.0
1760313600000,0.20717,0.2183,0.20188,0.2138,2645862967.0,1315957303.0
1760400000000,0.2138,0.21565,0.1933,0.20437,2781575747.0,1301975186.0
1760486400000,0.20436,0.20853,0.1942,0.19621,1356303348.0,652210286.0
1760572800000,0.19621,0.2015,0.18469,0.1885,1903922965.0,934463874.0
1760659200000,0.1885,0.19114,0.17555,0.1847,1800990961.0,883554351.0
1760745600000,0.18471,0.19057,0.18426,0.18962,586500546.0,289694527.0
1760832000000,0.18961,0.19861,0.186,0.19535,1044321198.0,502668436.0
1760918400000,0.19534,0.20249,0.19168,0.2,1140819006.0,531713339.0
1761004800000,0.2,0.20563,0.19201,0.19427,1456441398.0,663301778.0
1761091200000,0.19427,0.19544,0.18467,0.18993,1335843365.0,645713286.0
1761177600000,0.18993,0.19745,0.18959,0.19493,940124512.0,459549104.0
1761264000000,0.19492,0.20095,0.19391,0.19775,762978840.0,379767298.0
1761350400000,0.19774,0.19985,0.19595,0.19652,680294016.0,264976068.0
1761436800000,0.19651,0.20742,0.19465,0.20577,909622908.0,462072863.0
1761523200000,0.20577,0.20953,0.19887,0.20038,1010297382.0,494285131.0
1761609600000,0.20038,0.20311,0.19006,0.19362,1128616251.0,554690359.0
1761696000000,0.19362,0.19728,0.1871,0.19237,1276743754.0,612753124.0
1761782400000,0.19237,0.1946,0.17642,0.18268,1657462065.0,795504747.0
1761868800000,0.18268,0.18816,0.18228,0.18644,693564340.0,347386716.0
1761955200000,0.18644,0.18837,0.18512,0.18736,381304623.0,181277879.0
1762041600000,0.18736,0.18884,0.18172,0.18638,422142934.0,202317692.0
1762128000000,0.18639,0.18666,0.16017,0.16741,2233966267.0,1084666860.0
1762214400000,0.16741,0.1711,0.15159,0.16223,3239546286.0,1539378572.0
1762300800000,0.16224,0.16886,0.15456,0.16719,1450649552.0,718006629.0
1762387200000,0.16718,0.1678,0.15693,0.16164,991019158.0,484917473.0
1762473600000,0.16164,0.18166,0.1596,0.17877,1612295661.0,821920238.0
1762560000000,0.17877,0.18332,0.173,0.17605,1232860279.0,574118081.0
1762646400000,0.17605,0.18158,0.17123,0.1793,824680933.0,424689755.0
1762732800000,0.1793,0.18575,0.17722,0.18179,1123195034.0,546154499.0
1762819200000,0.18178,0.1864,0.17154,0.17206,1194191122.0,522907388.0
1762905600000,0.17207,0.17855,0.16721,0.17018,974860769.0,486770012.0
1762992000000,0.17018,0.17766,0.16,0.16384,1568645541.0,741313006.0
1763078400000,0.16383,0.16628,0.15472,0.15765,1838238578.0,906671213.0
1763164800000,0.15765,0.16482,0.15721,0.16316,673862028.0,302901265.0
1763251200000,0.16316,0.16563,0.1536,0.15857,1032632939.0,508542943.0
1763337600000,0.15856,0.1651,0.15066,0.15214,1608346754.0,764759059.0
1763424000000,0.15214,0.16294,0.14943,0.16173,1453866633.0,675422666.0
1763510400000,0.16172,0.1625,0.14712,0.1546,1411295703.0,724535935.0
1763596800000,0.15459,0.15972,0.14623,0.14892,1600374682.0,775072604.0
1763683200000,0.14892,0.15109,0.13321,0.14029,2835442265.0,1410564504.0
1763769600000,0.14029,0.1424,0.13549,0.14027,978144036.0,474072305.0
1763856000000,0.14027,0.14775,0.13966,0.145,846522905.0,414666348.0
1763942400000,0.145,0.15397,0.14279,0.15181,1133652374.0,553374743.0
1764028800000,0.1518,0.15504,0.14585,0.15301,936141701.0,471052901.0
1764115200000,0.15301,0.15681,0.14862,0.15474,858785986.0,404607217.0
1764201600000,0.15473,0.15559,0.1521,0.15264,442592040.0,218694145.0
1764288000000,0.15264,0.15554,0.14825,0.15017,708146301.0,326943506.0
1764374400000,0.15016,0.15095,0.14725,0.14837,301506106.0,128397741.0
1764460800000,0.14837,0.15059,0.14588,0.14599,359178345.0,168585917.0
1764547200000,0.14599,0.14637,0.13177,0.13547,1194651951.0,592595066.0
1764633600000,0.13546,0.14783,0.13443,0.14577,805736367.0,360028491.0
1764720000000,0.14578,0.1534,0.1452,0.15166,900651276.0,423210434.0
1764806400000,0.15167,0.1532,0.14557,0.14739,637362886.0,295122166.0
1764892800000,0.14739,0.14838,0.13722,0.13956,719213185.0,356658092.0
1764979200000,0.13956,0.14076,0.13836,0.13975,312444302.0,167495556.0
1765065600000,0.13976,0.14291,0.13486,0.13867,638350242.0,328945767.0
1765152000000,0.13868,0.14505,0.13799,0.14259,637568327.0,306870184.0
1765238400000,0.1426,0.15319,0.13942,0.14797,993044372.0,482566597.0
1765324800000,0.14796,0.15031,0.14235,0.14332,770619026.0,384116332.0
1765411200000,0.14332,0.1436,0.13623,0.14033,829996639.0,426681625.0
1765497600000,0.14034,0.14155,0.13428,0.13692,532296809.0,258717112.0
1765584000000,0.13692,0.14002,0.13691,0.13905,215402184.0,102272304.0
1765670400000,0.13906,0.13925,0.13261,0.13408,446980516.0,234955347.0
1765756800000,0.13407,0.13845,0.12661,0.12975,784404436.0,382946682.0
1765843200000,0.12975,0.13305,0.12716,0.13179,537676555.0,268646477.0
1765929600000,0.13179,0.13631,0.12481,0.12633,818900138.0,399347491.0
1766016000000,0.12633,0.13072,0.11993,0.12207,1170003699.0,559390043.0
1766102400000,0.12207,0.13353,0.12056,0.13222,886504087.0,430316894.0
1766188800000,0.13222,0.13261,0.13069,0.13194,256897701.0,129326496.0
1766275200000,0.13193,0.13342,0.12871,0.13112,315017725.0,165065115.0
1766361600000,0.13113,0.1354,0.12952,0.13258,578553795.0,300273786.0
1766448000000,0.13258,0.13369,0.12789,0.12928,507414870.0,244458747.0
1766534400000,0.12929,0.13038,0.12651,0.12856,335694754.0,146592371.0
1766620800000,0.12855,0.12909,0.123,0.12365,418798463.0,179558572.0
1766707200000,0.12364,0.12752,0.12064,0.12211,719882140.0,337367998.0
1766793600000,0.12211,0.12492,0.12193,0.12435,242221247.0,119253044.0
1766880000000,0.12435,0.1249,0.12277,0.12393,221394199.0,103035385.0
1766966400000,0.12394,0.12805,0.12228,0.12288,673526124.0,332152299.0
1767052800000,0.12288,0.12537,0.1224,0.12336,627500697.0,333965158.0
1767139200000,0.12335,0.12381,0.11612,0.11747,670335608.0,369364260.0
1767225600000,0.11747,0.1275,0.11742,0.12683,886565713.0,463111788.0
1767312000000,0.12682,0.14498,0.12592,0.14188,2240031844.0,1110891203.0
1767398400000,0.14187,0.14451,0.13914,0.14315,1027895793.0,471070511.0
1767484800000,0.14314,0.15418,0.14278,0.14953,1371022860.0,706343081.0
1767571200000,0.14952,0.1545,0.14581,0.15171,1115045910.0,555255819.0
1767657600000,0.15171,0.15656,0.14352,0.15055,1272318747.0,641066634.0
1767744000000,0.15055,0.15405,0.14487,0.14642,797102416.0,379600916.0
1767830400000,0.14642,0.14777,0.138,0.14194,959509517.0,435572946.0
1767916800000,0.14195,0.14462,0.13825,0.14071,703610941.0,325364639.0
1768003200000,0.1407,0.14072,0.13904,0.13965,219649749.0,100248494.0
1768089600000,0.13965,0.1412,0.13585,0.13801,419409403.0,215933067.0
1768176000000,0.13801,0.14237,0.13492,0.13662,721042880.0,313539143.0
1768262400000,0.13661,0.15095,0.13626,0.14828,962128224.0,449487356.0
1768348800000,0.14828,0.15133,0.14562,0.14718,873212059.0,421256612.0
1768435200000,0.14719,0.14721,0.13881,0.14004,785586188.0,357924677.0
1768521600000,0.14005,0.14045,0.1351,0.13813,990841345.0,394001863.0
1768608000000,0.13813,0.14003,0.13682,0.13788,343127679.0,174921658.0
1768694400000,0.13788,0.13835,0.13133,0.13164,479039950.0,242357798.0
1768780800000,0.13163,0.13163,0.12,0.12916,1347363841.0,710287530.0
1768867200000,0.12917,0.12934,0.12178,0.12336,794330118.0,388313184.0
1768953600000,0.12336,0.12884,0.12029,0.12654,942674775.0,470337968.0
1769040000000,0.12653,0.12794,0.12322,0.12437,424956417.0,208857511.0
1769126400000,0.12437,0.12788,0.12203,0.12477,533582852.0,245730942.0
1769212800000,0.12478,0.12494,0.12291,0.12423,168690655.0,74577831.0
1769299200000,0.12422,0.12435,0.11764,0.11945,644477476.0,278299012.0
1769385600000,0.11945,0.12381,0.11924,0.12236,708086997.0,322702057.0
1769472000000,0.12236,0.12666,0.12139,0.12619,704522307.0,359695298.0
1769558400000,0.1262,0.12775,0.12372,0.125,651222550.0,299946785.0
1769644800000,0.125,0.12525,0.1144,0.11728,1189313828.0,645915888.0
1769731200000,0.11729,0.11871,0.11217,0.11581,1164836231.0,543491954.0
1769817600000,0.11582,0.11593,0.09461,0.10426,2462959641.0,1176843499.0
1769904000000,0.10426,0.10685,0.10103,0.10426,1128141338.0,523522306.0
1769990400000,0.10427,0.11056,0.09955,0.10792,1604582722.0,803949408.0
1770076800000,0.10791,0.11053,0.10226,0.10602,1614342566.0,799277519.0
1770163200000,0.10602,0.10947,0.10127,0.10383,1322881491.0,647022485.0
1770249600000,0.10383,0.10477,0.08675,0.08849,3166815594.0,1494751777.0
1770336000000,0.08848,0.10211,0.08001,0.09848,2894496776.0,1401477270.0
1770422400000,0.09847,0.09948,0.09472,0.09823,1448690461.0,702935360.0
1770508800000,0.09823,0.09902,0.0951,0.09663,616525440.0,298647211.0
1770595200000,0.09663,0.09748,0.09243,0.09611,682487562.0,326108237.0
1770681600000,0.09612,0.09657,0.09182,0.09277,497491627.0,240837011.0
1770768000000,0.09277,0.09362,0.0879,0.09112,788143970.0,378554972.0
1770854400000,0.09113,0.09455,0.09069,0.093,647408732.0,309435481.0
1770940800000,0.09299,0.09764,0.09179,0.09667,727434615.0,396279344.0
1771027200000,0.09668,0.11383,0.0963,0.11104,1350008258.0,661158935.0
1771113600000,0.11104,0.11757,0.10155,0.10269,2260569216.0,1128210473.0
1771200000000,0.10268,0.1036,0.0985,0.10102,1011576182.0,537235909.0
1771286400000,0.10103,0.1036,0.09836,0.10066,813594093.0,393567966.0
1771372800000,0.10067,0.1023,0.09749,0.09855,540244921.0,248199115.0
1771459200000,0.09855,0.09924,0.09551,0.09837,628133019.0,284316805.0
1771545600000,0.09836,0.10244,0.09566,0.10011,879726429.0,448475152.0
1771632000000,0.10011,0.10098,0.0984,0.09841,366330724.0,153524838.0
1771718400000,0.09842,0.09855,0.09457,0.09558,393579573.0,169641260.0
1771804800000,0.09559,0.0976,0.09145,0.09266,885845121.0,412893666.0
1771891200000,0.09267,0.0936,0.08996,0.09137,690018269.0,373039875.0
1771977600000,0.09138,0.10618,0.0909,0.10095,1467184174.0,725932402.0
1772064000000,0.10095,0.1017,0.0954,0.09701,796682755.0,395653776.0
1772150400000,0.09702,0.09911,0.09198,0.09337,688625162.0,346960073.0
1772236800000,0.09337,0.095,0.08771,0.09405,1263091942.0,645346498.0
1772323200000,0.09406,0.09788,0.09056,0.0919,1025310501.0,477874586.0
1772409600000,0.0919,0.09771,0.0908,0.09356,939663669.0,484339480.0
1772496000000,0.09356,0.09385,0.08847,0.08997,1057244496.0,559753401.0
1772582400000,0.08998,0.10434,0.08859,0.09893,2260563245.0,1086872151.0
1772668800000,0.09893,0.09924,0.09275,0.09356,1069888791.0,551713300.0
1772755200000,0.09356,0.09441,0.09,0.09129,871355799.0,425206711.0
1772841600000,0.09129,0.09213,0.08927,0.08993,443785459.0,231492830.0
1772928000000,0.08993,0.09133,0.08666,0.08915,834121407.0,377274214.0
1773014400000,0.08914,0.09283,0.089,0.09049,996650758.0,482554727.0
1773100800000,0.09048,0.10046,0.09033,0.09452,1835766129.0,919785264.0
1773187200000,0.09452,0.09509,0.0912,0.09288,1179985494.0,616586457.0
1773273600000,0.09289,0.09586,0.0918,0.09475,829896186.0,419331211.0
1773360000000,0.09474,0.10199,0.09454,0.09596,1677294975.0,797361747.0
1773446400000,0.09596,0.09643,0.094,0.09604,645440544.0,299275077.0
1773532800000,0.09605,0.09809,0.09445,0.09738,811760787.0,411230656.0
1773619200000,0.09738,0.10375,0.09704,0.10304,2122489632.0,1024443047.0
1773705600000,0.10304,0.10449,0.0983,0.10015,1140650949.0,551581466.0
1773792000000,0.10015,0.10185,0.09328,0.09526,1318080266.0,629065572.0
1773878400000,0.09526,0.09609,0.09177,0.09354,734075989.0,326791119.0
1773964800000,0.09353,0.09541,0.09287,0.09416,514985689.0,268996223.0
1774051200000,0.09417,0.09499,0.09061,0.09135,403560564.0,212056208.0
1774137600000,0.09133,0.09287,0.08916,0.09015,726682148.0,381206622.0
1774224000000,0.09015,0.09578,0.08925,0.09415,1021392653.0,528469227.0
1774310400000,0.09416,0.09562,0.09245,0.0951,602456245.0,278904888.0
1774396800000,0.09511,0.09796,0.09441,0.09618,801581697.0,404473246.0
1774483200000,0.09618,0.09627,0.09056,0.09205,847613271.0,398090295.0
1774569600000,0.09205,0.09271,0.0893,0.09011,534311702.0,237128001.0
1774656000000,0.0901,0.09533,0.08969,0.091,662603823.0,309052975.0
1774742400000,0.09099,0.09169,0.088,0.09045,432289764.0,199981028.0
1774828800000,0.09046,0.09394,0.09026,0.09083,808515385.0,345532525.0
1774915200000,0.09084,0.09284,0.08937,0.09232,727310486.0,355809744.0
1775001600000,0.09232,0.09453,0.0916,0.09219,641844567.0,314774992.0
1775088000000,0.09218,0.09273,0.08899,0.0904,672578495.0,325866310.0
1775174400000,0.0904,0.09259,0.08992,0.09156,390119550.0,190848142.0
1775260800000,0.09155,0.09312,0.09073,0.09207,294338905.0,149950542.0
1775347200000,0.09206,0.09244,0.08971,0.09238,446283605.0,211274786.0
1775433600000,0.09239,0.09362,0.08993,0.09061,786154494.0,363485013.0
1775520000000,0.0906,0.09606,0.09005,0.09492,1070228638.0,547943441.0
1775606400000,0.09492,0.0956,0.09213,0.0924,827978693.0,383164404.0
1775692800000,0.0924,0.09499,0.09091,0.0926,802899034.0,412787061.0
1775779200000,0.09259,0.09529,0.09192,0.09368,701107655.0,368503502.0
1775865600000,0.09369,0.09489,0.09224,0.09309,526565984.0,247604483.0
1775952000000,0.09309,0.09326,0.09028,0.09084,762424475.0,368514417.0
1776038400000,0.09085,0.09437,0.09069,0.09411,907826579.0,451922763.0
1776124800000,0.09411,0.09805,0.09239,0.09297,1316956334.0,630183431.0
1776211200000,0.09297,0.09679,0.09257,0.09488,643749772.0,320221962.0
1776297600000,0.09489,0.09988,0.09449,0.09921,1593856365.0,872707256.0
1776384000000,0.09921,0.10218,0.09671,0.09941,1377548839.0,670159767.0
1776470400000,0.0994,0.09976,0.0941,0.09479,904717066.0,398638095.0
1776556800000,0.0948,0.09643,0.09255,0.09302,1088500058.0,530843193.0
1776643200000,0.09303,0.09609,0.0929,0.09521,741757963.0,394130081.0
1776729600000,0.09521,0.096,0.09356,0.09518,511817527.0,260959208.0
1776816000000,0.09519,0.0986,0.09487,0.09565,856611555.0,435501031.0
1776902400000,0.09564,0.09803,0.09516,0.09714,913044373.0,457519629.0
1776988800000,0.09714,0.09957,0.09682,0.09843,980704980.0,523526825.0
1777075200000,0.09842,0.0991,0.09738,0.098,495014209.0,247876838.0
1777161600000,0.09799,0.09994,0.09748,0.09922,571675655.0,325255321.0
1777248000000,0.09922,0.10086,0.09694,0.09895,877426665.0,476965794.0
1777334400000,0.09894,0.10103,0.09806,0.09935,1086723968.0,548538598.0
1777420800000,0.09934,0.112,0.09924,0.10408,2813781661.0,1462339710.0
1777507200000,0.10407,0.10841,0.10397,0.1065,1455486372.0,739948596.0
1777593600000,0.1065,0.11055,0.10641,0.10853,1132037099.0,582204587.0
1777680000000,0.10853,0.10936,0.10714,0.10851,560055038.0,279285604.0
1777766400000,0.10851,0.10966,0.10715,0.1083,438082060.0,229445088.0
1777852800000,0.10829,0.11383,0.10765,0.1101,1439454344.0,673468869.0
1777939200000,0.11011,0.11651,0.10996,0.11484,926194501.0,480442066.0
1778025600000,0.11485,0.11706,0.11133,0.11245,1240583624.0,618657571.0
1778112000000,0.11245,0.113,0.1067,0.10783,1201358248.0,583824163.0
1778198400000,0.10784,0.10968,0.1056,0.10952,948389168.0,447753752.0
1778284800000,0.10953,0.11139,0.10809,0.10874,508440229.0,256723009.0
1778371200000,0.10874,0.11286,0.10643,0.11246,984615271.0,479340592.0
1778457600000,0.11246,0.11276,0.10839,0.11132,1032275387.0,479942645.0
1778544000000,0.11131,0.1116,0.10752,0.11015,802321163.0,397846991.0
1778630400000,0.11016,0.11472,0.10965,0.11269,1489300612.0,775905005.0
1778716800000,0.11269,0.11861,0.11197,0.11546,2332580424.0,1389469215.0
1778803200000,0.11545,0.11749,0.11072,0.11336,1333730327.0,711839667.0
1778889600000,0.11335,0.11348,0.10775,0.10937,759047957.0,375357780.0
1778976000000,0.10937,0.11281,0.10562,0.10899,673710336.0,323392028.0
1779062400000,0.10899,0.1091,0.10252,0.10477,1219654280.0,602433795.0
1779148800000,0.10477,0.10554,0.10266,0.103,423915585.0,209810125.0
1779235200000,0.10299,0.10497,0.1019,0.10371,455852701.0,215500256.0
1779321600000,0.10372,0.10652,0.10367,0.10568,605897147.0,302948485.0
1779408000000,0.10567,0.10682,0.10152,0.10234,547931305.0,244219990.0
1779494400000,0.10234,0.1051,0.09736,0.10307,924406103.0,468256573.0
1779580800000,0.10308,0.10394,0.10055,0.10227,357856031.0,176127581.0
1779667200000,0.10228,0.1038,0.10165,0.10214,330994207.0,161659096.0
1779753600000,0.10214,0.10386,0.10028,0.10105,507086642.0,229153211.0
1779840000000,0.10104,0.10339,0.0993,0.10049,554489214.0,261388144.0
1779926400000,0.10049,0.10084,0.09646,0.09957,727919690.0,350866958.0
1780012800000,0.09956,0.1012,0.09744,0.0997,475502201.0,229104497.0
1780099200000,0.09971,0.10183,0.09949,0.10061,382974258.0,185843142.0
1780185600000,0.10061,0.10144,0.09909,0.10041,344396404.0,153714342.0
1780272000000,0.10042,0.10158,0.0978,0.1011,844219508.0,420408206.0
1780358400000,0.1011,0.10129,0.09117,0.09275,1320706697.0,644923989.0
1780444800000,0.09275,0.09454,0.09057,0.09139,765862550.0,370510062.0
1780531200000,0.09139,0.09188,0.08579,0.08858,1344505491.0,637620235.0
1780617600000,0.08857,0.0888,0.079,0.08148,2086387933.0,989072149.0
1780704000000,0.08149,0.08304,0.07766,0.08192,920383836.0,444853728.0
1780790400000,0.08192,0.08756,0.08165,0.08628,798462700.0,418179142.0
1780876800000,0.08627,0.08754,0.08436,0.08634,579300457.0,281669307.0
1780963200000,0.08635,0.08675,0.08316,0.08479,751462433.0,330177270.0
1781049600000,0.08479,0.08547,0.08183,0.08294,544153044.0,271644248.0
1781136000000,0.08295,0.08708,0.08295,0.08608,572443022.0,310974779.0
1781222400000,0.08608,0.09247,0.08505,0.08598,1192652821.0,578885680.0
1781308800000,0.08599,0.08883,0.0858,0.08788,472710981.0,238844748.0
1781395200000,0.08787,0.08913,0.08568,0.08889,435300445.0,213624667.0
1781481600000,0.08889,0.09092,0.0878,0.08814,908797015.0,436912344.0
1781568000000,0.08814,0.08909,0.08622,0.08717,611917694.0,297260429.0
1781654400000,0.08717,0.08812,0.08464,0.08593,442139446.0,197535966.0
1781740800000,0.08592,0.08657,0.08184,0.08352,397361030.0,176849721.0
1781827200000,0.08351,0.08396,0.08188,0.08357,236070733.0,112868542.0
1781913600000,0.08356,0.08434,0.08262,0.0837,226228321.0,114541006.0
1782000000000,0.08371,0.08387,0.08214,0.08224,185654593.0,87027754.0
1782086400000,0.08223,0.08509,0.08188,0.08247,333771656.0,165417100.0
1782172800000,0.08248,0.08271,0.0783,0.07889,607222855.0,297446027.0
1782259200000,0.07889,0.07981,0.0728,0.07612,868902397.0,407178144.0
1782345600000,0.07613,0.0775,0.07145,0.07491,694712534.0,331478377.0
1782432000000,0.0749,0.07614,0.07212,0.0758,667660680.0,281231499.0
1782518400000,0.0758,0.07644,0.07408,0.0745,278936304.0,129848314.0
1782604800000,0.0745,0.0747,0.07216,0.0732,332456869.0,150825983.0
1782691200000,0.0732,0.07429,0.07196,0.07344,443343754.0,218856851.0
1782777600000,0.07344,0.07358,0.06952,0.07208,726037488.0,327268151.0
1782864000000,0.07208,0.07399,0.0705,0.07222,466300009.0,219131317.0
1782950400000,0.07222,0.07556,0.07168,0.07418,574486768.0,284749231.0
1783036800000,0.07418,0.07848,0.07393,0.07754,536616675.0,271081631.0
1783123200000,0.07754,0.07938,0.07652,0.07766,473877176.0,232201900.0
1783209600000,0.07766,0.07883,0.07531,0.07787,388692032.0,195174394.0
1783296000000,0.07788,0.07835,0.07437,0.07666,629235388.0,255226147.0
1783382400000,0.07666,0.07702,0.0736,0.07418,429575107.0,189979068.0
1783468800000,0.07419,0.07448,0.07101,0.07243,460956654.0,203339309.0
1783555200000,0.07242,0.07357,0.07198,0.07289,309017476.0,145748692.0
1783641600000,0.0729,0.07468,0.07266,0.07412,292452275.0,148926678.0
1783728000000,0.07411,0.0756,0.07319,0.07321,256812815.0,118797643.0
1783814400000,0.0732,0.07389,0.07228,0.07272,257601710.0,116486043.0
1783900800000,0.07272,0.07417,0.07092,0.07197,306017434.0,150452302.0
1783987200000,0.07198,0.07538,0.07144,0.07445,483802404.0,240518226.0
1784073600000,0.07444,0.07525,0.07336,0.07409,552650320.0,231178672.0
1784160000000,0.07409,0.0745,0.07212,0.07236,305474948.0,144908867.0
1784246400000,0.07236,0.07298,0.071,0.07256,328210716.0,161020947.0
1784332800000,0.07256,0.07281,0.07194,0.07253,135501700.0,72454330.0
1784419200000,0.07254,0.07285,0.07169,0.07243,161071995.0,85359555.0
1784505600000,0.07243,0.07359,0.07109,0.07219,540533970.0,281994304.0
1784592000000,0.07218,0.07384,0.07191,0.07339,416248681.0,200475038.0
1784678400000,0.07339,0.0739,0.07209,0.07299,429889870.0,240254437.0
1784764800000,0.073,0.07324,0.06839,0.0692,860224459.0,422420291.0
1784851200000,0.06921,0.07016,0.0682,0.06957,589505023.0,273188397.0
1784937600000,0.06957,0.07368,0.06916,0.07172,609428822.0,290577071.0
1785024000000,0.07172,0.07404,0.0716,0.07338,498633848.0,248698046.0
1785110400000,0.07339,0.07355,0.07011,0.07038,442613304.0,180945879.0
1785196800000,0.07037,0.07144,0.06923,0.07089,452272258.0,224945448.0
1785283200000,0.07089,0.07123,0.06882,0.07014,467781816.0,231090689.0
1785369600000,0.07015,0.07104,0.06963,0.07059,358529919.0,164328595.0
1785456000000,0.0706,0.07101,0.06846,0.06962,399868806.0,174891160.0
1785542400000,0.06962,0.07032,0.06766,0.06914,277265653.0,128156817.0
1785628800000,0.06915,0.07147,0.06913,0.07081,275865277.0,144130524.0
1785715200000,0.07082,0.07095,0.069,0.07023,324544536.0,146722392.0
1785801600000,0.07022,0.07071,0.06978,0.07007,211371708.0,108220063.0
1785888000000,0.07006,0.07056,0.06928,0.07004,250077956.0,120457003.0
1785974400000,0.07005,0.07018,0.06822,0.06909,249420076.0,121353504.0
1786060800000,0.06909,0.07034,0.06873,0.06965,352362631.0,143639711.0
1786147200000,0.06964,0.07157,0.06956,0.07043,251548479.0,129062222.0
1786233600000,0.07042,0.07096,0.06923,0.06935,233143006.0,112484825.0
1786320000000,0.06934,0.07024,0.06906,0.0697,234397307.0,112180195.0
1786406400000,0.0697,0.07315,0.06961,0.0719,538371542.0,272350246.0
1786492800000,0.0719,0.07254,0.06889,0.06969,504433955.0,234328725.0
1786579200000,0.06969,0.07085,0.06951,0.07019,281005317.0,134901980.0
1786665600000,0.07018,0.07038,0.06921,0.07007,208161794.0,90181417.0
1786752000000,0.07008,0.07055,0.06951,0.06961,135464878.0,62103305.0
1786838400000,0.06961,0.07018,0.06904,0.0696,166384201.0,76867938.0
1786924800000,0.0696,0.0706,0.06947,0.07041,272659554.0,132679830.0
1787011200000,0.07042,0.07055,0.06961,0.07026,259293157.0,130109852.0
1787097600000,0.07027,0.0764,0.06987,0.07504,957193763.0,489332510.0
1787184000000,0.07504,0.08355,0.07445,0.08047,1531623566.0,807776207.0
1787270400000,0.08046,0.09472,0.08029,0.09155,1956029005.0,1027963158.0
1787356800000,0.09155,0.1008,0.083,0.09188,2571977086.0,1303020165.0
1787443200000,0.09187,0.09454,0.08873,0.09342,1059113610.0,535337633.0
1787529600000,0.09342,0.09364,0.088,0.09011,1142610267.0,572452812.0
1787616000000,0.09011,0.09309,0.08483,0.0857,949673213.0,478282449.0
1787702400000,0.08569,0.08783,0.08385,0.0877,608118981.0,317086257.0
1787788800000,0.08769,0.09,0.08622,0.08914,690821674.0,356476673.0
1787875200000,0.08914,0.09033,0.08381,0.08524,723847996.0,336853869.0
1787961600000,0.08525,0.08543,0.08418,0.08454,147239817.0,68847012.0
